name,dob
Julián Quiñones,1997-03-24
Raúl Jiménez,1991-05-05
Hwang In-Beom,1996-09-20
Oh Hyeon-Gyu,2001-04-12
Ladislav Krejcí,1999-04-20
Cyle Larin,1995-04-17
Jovo Lukić,1998-11-28
Boualem Khoukhi,1990-08-09
Breel Embolo,1997-02-14
Vinícius Júnior,2000-07-12
Ismael Saibari,2001-01-28
John McGinn,1994-10-18
Folarin Balogun,2001-07-03
Giovanni Reyna,2002-11-13
Mauricio,2001-06-22
Nestory Irankunda,2006-02-11
Connor Metcalfe,1999-11-05
Felix Nmecha,2000-10-10
Nico Schlotterbeck,1999-12-01
Kai Havertz,1999-06-11
Jamal Musiala,2003-02-26
Nathaniel Brown,2003-06-16
Deniz Undav,1996-07-19
Livano Comenencia,2004-02-03
Virgil van Dijk,1991-07-08
Crysencio Summerville,2001-10-30
Keito Nakamura,2000-07-28
Daichi Kamada,1996-08-05
Amad Diallo,2002-07-11
Yasin Ayari,2003-10-06
Alexander Isak,1999-09-21
Viktor Gyökeres,1998-06-04
Omar Rekik,2001-12-20
Mattias Svanberg,1999-01-05
Emam Ashour,1998-02-20
Abdulelah Al-Amri,1997-01-15
Maxi Araújo,2000-02-15
Ramin Rezaeian,1990-03-21
Mohammad Mohebi,1998-12-20
Elijah Just,2000-05-01
Mohammad Mohebbi,1998-12-20
Kylian Mbappé,1998-12-20
Bradley Barcola,2002-09-02
Ibrahim Mbaye,2008-01-24
Erling Haaland,2000-07-21
Leo Østigard,1999-11-28
Leo Østigård,1999-11-28
Aymen Hussein,1996-05-22
Lionel Messi,1987-06-24
Romano Schmid,2000-01-27
Ali Olwan,2000-03-26
Marko Arnautović,1989-04-19
Marko Arnautovic,1989-04-19
João Neves,2004-09-27
Yoane Wissa,1996-09-03
Harry Kane,1993-07-28
Jude Bellingham,2003-06-29
Marcus Rashford,1997-10-31
Martin Baturina,2003-02-16
Petar Musa,1998-11-04
Caleb Yirenkyi,2006-01-15
Daniel Muñoz,1996-05-26
Luis Díaz,1997-01-13
Jaminton Campaz,2000-03-06
Abbosbek Fayzullaev,2003-10-06
Jáminton Campaz,2000-03-06
Michal Sadílek,1999-05-31
Teboho Mokoena,1997-01-24
Johan Manzambi,2005-10-14
Rubén Vargas,1998-08-05
Granit Xhaka,1992-09-27
Ermin Mahmić,2005-03-14
Jonathan David,2000-01-14
Nathan Saliba,2004-02-07
Luis Romo,1995-06-05
Alex Freeman,2004-08-09
Matheus Cunha,1999-05-27
Matías Galarza,2002-02-11
Brian Brobbey,2002-02-01
Cody Gakpo,1999-05-07
Anthony Elanga,2002-04-27
Franck Kessié,1996-12-19
Ayase Ueda,1998-08-28
Junya Itō,1993-03-09
Ermin Mahmic,2005-03-14
Junya Ito,1993-03-09
Lamine Yamal,2007-07-13
Mikel Oyarzabal,1997-04-21
Mostafa Ziko,1997-04-27
Mohamed Salah,1992-06-15
Trézéguet,1994-10-01
Finn Surman,2003-09-23
Mostafa Zico,1997-04-27
Hélio Varela,2002-05-03
Kevin Pina,1997-01-27
Agustín Cano,1998-10-01
Agustín Canobbio,1998-10-01
Ousmane Dembélé,1997-05-15
Marcus Holmgren Pedersen,2000-07-16
Ismaïla Sarr,1998-02-25
Nizar Al-Rashdan,1999-03-23
Nadhir Benbouali,2000-04-17
Amine Gouiri,2000-02-16
Cristiano Ronaldo,1985-02-05
Nuno Mendes,2002-06-19
Rafael Leão,1999-06-10
Abduvohid Nematov,2001-03-20
Ante Budimir,1991-07-22
Daniel Muñoz,1996-05-26
Promise David,2001-07-03
Kerim Alajbegović,2007-09-21
Ermin Mahmić,2005-03-14
Hassan Al-Haydos,1990-12-11
Mahmud Abunada,2000-02-05
Vinícius Júnior,2000-07-12
Achraf Hakimi,1998-11-04
Soufiane Rahimi,1996-06-02
Gessime Yassine,2005-11-22
Wilson Isidor,2000-08-27
Yassine Bounou,1991-04-05
Mateo Chávez,2004-05-12
Julián Quiñones,1997-03-24
Álvaro Fidalgo,1997-04-09
Thapelo Maseko,2003-11-11
Kerim Alajbegovic,2007-09-21
Nilson Angulo,2003-06-19
Gonzalo Plata,2000-11-01
Leroy Sané,1996-01-11
Nicolas Pépé,1995-05-29
Daizen Maeda,1997-10-20
Hazem Mastouri,1997-06-18
Jan Paul van Hecke,2000-06-08
Ellyes Skhiri,1995-05-10
Arda Güler,2005-02-25
Barış Alper Yılmaz,2000-05-23
Kaan Ayhan,1994-11-10
Auston Trusty,1998-08-12
Sebastian Berhalter,2001-05-10
Baris Alper Yilmaz,2000-05-23
